"BGC","AHM_mean","AHM_sd","AHM_min","AHM_max","bFFP_mean","bFFP_sd","bFFP_min","bFFP_max","CMD_mean","CMD_sd","CMD_min","CMD_max","CMI_mean","CMI_sd","CMI_min","CMI_max","DD18_mean","DD18_sd","DD18_min","DD18_max","DD5_mean","DD5_sd","DD5_min","DD5_max","DDsub0_mean","DDsub0_sd","DDsub0_min","DDsub0_max","DDsub18_mean","DDsub18_sd","DDsub18_min","DDsub18_max","eFFP_mean","eFFP_sd","eFFP_min","eFFP_max","EMT_mean","EMT_sd","EMT_min","EMT_max","Eref_mean","Eref_sd","Eref_min","Eref_max","EXT_mean","EXT_sd","EXT_min","EXT_max","FFP_mean","FFP_sd","FFP_min","FFP_max","MAP_mean","MAP_sd","MAP_min","MAP_max","MAT_mean","MAT_sd","MAT_min","MAT_max","MCMT_mean","MCMT_sd","MCMT_min","MCMT_max","MSP_mean","MSP_sd","MSP_min","MSP_max","MWMT_mean","MWMT_sd","MWMT_min","MWMT_max","NFFD_mean","NFFD_sd","NFFD_min","NFFD_max","PAS_mean","PAS_sd","PAS_min","PAS_max","PPT_mean","PPT_sd","PPT_min","PPT_max","RH_mean","RH_sd","RH_min","RH_max","SHM_mean","SHM_sd","SHM_min","SHM_max","Tave_mean","Tave_sd","Tave_min","Tave_max","TD_mean","TD_sd","TD_min","TD_max","Tmax_mean","Tmax_sd","Tmax_min","Tmax_max","Tmin_mean","Tmin_sd","Tmin_min","Tmin_max"
"CDFmm",18.3910912805951,2.88562727024882,13.1285581969747,27.4429832784385,105.638449276917,5.34813736365073,93.7702872312602,118.183603858432,293.673524132434,47.2505603264746,168.213104586108,367.309451119506,56.2870397218969,15.6291408762584,19.9702457544472,93.5479696518255,89.5398974254895,12.311399213377,44.989306659684,117.530123425913,1964.07100469138,90.7077869691995,1572.53005197339,2152.79062651634,115.164265999584,18.4500485402209,80.9510757109608,177.668245506463,3169.85242951477,135.186353865374,2958.55787860317,3702.60492274784,296.339380467818,3.4572241703813,287.147675585756,302.357322550571,-20.6988575605766,0.802590240488429,-22.8472175889821,-18.9007401266244,663.050783328639,16.5869728976602,622.772541744396,698.361855022302,30.4030204728731,0.528864978255718,28.7248767204316,31.5444044914807,190.700931190902,8.69797614842174,168.964071727324,207.497707920606,1084.77591260546,157.054058835943,729.112029893441,1463.70814960356,9.51113141993757,0.39217884498569,7.90927259577266,10.1660309372038,2.81391889998597,0.619335527218557,1.31049431445298,4.23950665585621,191.045747259094,40.1244065970132,128.601819291833,326.257271166934,17.0077000564651,0.374362991265432,15.5034098426059,17.7021077392921,295.421190852336,10.1996311888033,266.363176049859,314.708297311826,51.2706710454557,17.4377273910847,20.3279515222161,101.034993963142,1084.77591260546,157.054058835943,729.112029893441,1463.70814960356,73.3881156974803,1.03302227437948,70.9855351931933,75.581548430847,92.3956233552907,16.5895295156157,51.2988379436671,127.659858728188,9.51113141993757,0.39217884498569,7.90927259577266,10.1660309372038,14.1937811564791,0.77448622453417,11.9545011824574,15.3796419927225,13.562851588817,0.38805162742902,11.8545232476272,14.2899448869281,5.45941125105811,0.457518734694936,3.96402194391814,6.42970054959687
"CMAun",3.24046760625571,1.33998616900558,0.687108103205999,8.77165705609968,186.734957842139,23.3147474028954,143.364571211111,262.633175822567,11.6077274807965,25.2133517360528,0,142.779444949884,293.722590187968,111.425426060246,88.7367925661153,704.235463634706,2.33709258419059,2.24321429187162,0.123686771464564,12.6800679931483,369.22044867977,190.7857025961,60.5518686002941,964.159933643137,1423.70541926701,444.365793710234,541.741799968755,2700.1695721039,6909.32824796914,798.620463562817,5015.04166315753,9075.2988850594,243.841417072845,9.43473140497097,219.705596167492,267.318991756891,-37.2506054017158,3.22122091836256,-43.8765144067843,-29.3301613045582,307.199119374633,68.1547081312133,95.0113023303498,473.220245891243,23.8285468402661,1.67644148628726,19.5888006312059,28.0222597296517,57.6802773789201,30.7305073739028,0,123.95442054578,3120.15431463208,1127.16003682727,1115.13978633422,7125.66855121953,-0.970472218568151,2.19299167340075,-6.9139708587224,4.23015175737951,-9.18324266830346,2.73226201881696,-15.5632189081636,-3.409705533824,711.20048224273,357.435570075492,237.227615202415,3307.05926716503,8.27179212023352,2.03323548632713,2.44389800811113,12.9333519198736,101.509241005738,34.0593282708937,20.5699290840426,189.78735809966,2156.75311027436,703.12754558005,799.56319909208,5442.42315554126,3120.15431463208,1127.16003682727,1115.13978633422,7125.66855121953,68.4806925500047,3.49763618912121,59.9020155411407,77.5689713176415,13.9260134311506,6.61266156266865,1.26505036641133,37.2925975566273,-0.970472218568151,2.19299167340075,-6.9139708587224,4.23015175737951,17.455034788537,1.94327481925935,14.4941202515957,25.1027826508083,3.12612878931536,2.17965470595019,-3.01633246869574,7.94125498965249,-5.06707322645167,2.28487745964553,-10.8116092487491,0.519048525106527
"CWHdm1",13.0078055082734,1.959037332328,6.89961373820209,18.8661056837811,112.547937480286,6.34191957956173,93.5954535233678,126.693978860526,215.862590465379,49.6526112105538,110.821479645105,317.439226680749,97.4948392647362,21.2433819443515,53.0577712370096,218.35966528393,84.2340199304755,19.946571907566,38.6772815235121,134.068152577116,1876.7815894115,161.390800332992,1428.84709589826,2188.11826906464,145.546068371376,30.8577653653891,83.5235140887553,257.967520357561,3341.05283928384,227.881176381695,2939.35086903805,4049.37457769882,292.305127643659,4.87092684566403,281.637657188095,303.164002750915,-21.8645962639975,0.835888283438237,-24.0278201198411,-19.2272206202786,661.798647860884,26.4845650059495,586.916696486361,734.837568933577,30.7731796197415,0.646995355515403,28.1547220412057,32.8662289682272,179.757190163374,11.1324565781817,154.943678327569,206.462142072143,1492.8339190635,216.985660296926,1039.25083864775,2729.48745980532,9.02200810110453,0.681319448677441,6.94708452045498,10.2277214183335,1.86076760047804,0.721131100711926,-0.191019108011794,4.17278741703021,276.398595220768,59.5429521943858,155.680451473867,386.751924619853,16.9034436021323,0.521533152247896,15.4063109551101,17.9612691268788,282.090057062205,13.3223074013274,247.19773839562,311.045655672563,98.2283983199845,42.9671175800192,36.4494617656741,280.177553758827,1492.8339190635,216.985660296926,1039.25083864775,2729.48745980532,72.7416067932061,1.52037435433169,69.0083750701686,76.7799806433688,64.0412115682194,13.7805094957039,42.4632969929497,104.073119493727,9.02200810110453,0.681319448677441,6.94708452045498,10.2277214183335,15.0426760016542,0.591502372743468,11.4983904076509,16.2373708256609,13.1616223295747,0.756355760913089,10.6778566189976,14.5288085736807,4.88239387263436,0.690224811859435,3.2163124219124,6.50745543755386
"CWHdm2",9.33996926908088,2.28774439581379,3.64522780955829,16.7250135922021,119.670939987156,6.57311152003258,97.3336814864187,130.911096929542,143.781421561839,60.1556271525899,23.1301245168818,278.180150104162,156.740447574721,50.2407713288709,63.8265946152865,448.950805924895,63.7786582981082,19.1483083168357,31.0832301263573,112.785931817452,1684.22486746589,159.355150822512,1340.4037321888,2003.16950803685,190.859332592998,42.0856698994129,95.4116835316145,300.523365102573,3636.35547393805,243.928848223175,3137.92644206619,4185.46457518294,287.324927145046,4.75205835448307,277.981721529928,300.743315310442,-22.9277071427932,1.17433265278991,-26.2501438158816,-19.8647877404621,635.446170387182,30.8072204804659,561.334442074183,725.362650182143,30.4101664129182,0.892189139662323,27.1775629100351,32.7790614868429,167.65398715789,11.2496021258679,147.668140498555,199.933181235996,2054.54465857618,500.400241658243,1153.37345413564,4996.93735673033,8.14725197560978,0.723139596358444,6.55645727086973,9.61412193325387,0.933804794870296,0.922517138199226,-0.908807767482644,3.71746588783322,379.155230855403,94.2514836313699,186.264066929135,695.161185756631,16.3091318757467,0.692017351489944,14.8019161010741,17.819154327456,266.012080162581,15.5674155316213,231.271689825481,302.965106536143,200.000001491977,90.3142749879903,55.5338861496809,559.747300380577,2054.54465857618,500.400241658243,1153.37345413564,4996.93735673033,73.0271021081994,1.5077747134083,69.2298918480506,76.4838947462727,45.7533308656655,11.5460429989945,23.7888334587092,85.6497080925331,8.14725197560978,0.723139596358444,6.55645727086973,9.61412193325387,15.3753270808764,0.830211823983623,11.1030010072705,16.8309364207074,12.2122535021617,0.794423213253097,10.2224074066646,14.0110821690831,4.08225044905782,0.728978330302916,2.52061266989393,6.04166729765128
"CWHdm3",9.94315628697464,2.295262759821,4.37515604445528,14.7517515967968,114.27273779985,8.49307911628527,98.3010624708002,136.942857869899,115.897921150926,48.3271428105498,0,190.981805396533,148.663970422041,47.3197781769475,85.1372528216769,347.274924631788,91.5401282170023,33.4259851188153,24.4213948138946,150.893775890422,1895.60484954048,258.909013241126,1223.15588953167,2215.55985858947,167.01251932159,61.0700146737749,98.211284165779,399.125706385681,3375.8034288624,377.051264901368,2921.86305544033,4501.95201999906,292.59488720673,6.77364327230435,272.745799869866,303.599942629001,-22.806256766702,1.64769905689964,-27.8023701018978,-20.0467370808649,654.07449721072,41.5362205102087,544.580384865163,710.505184581803,30.9805128614507,0.921573946688047,28.7477710140909,32.7647250324307,178.32214940688,15.2369009129286,135.802941999967,205.2988801582,2001.45266896302,441.092453888957,1372.64338266001,3919.75245587411,8.9456245877378,1.12739614950307,5.65040626025214,10.2849899752678,1.20899316342919,1.22811022718011,-2.57364278481397,3.15292517874811,424.292796434823,86.252644269094,285.090863894963,843.957931899377,17.0026577743992,0.920773757274661,14.3611826659243,18.3843439631005,277.719233068517,21.4775845563333,212.556045332054,309.555715971673,165.009369853428,127.172763229743,46.0293097534353,938.83773602811,2001.45266896302,441.092453888957,1372.64338266001,3919.75245587411,72.9758446053615,1.36116546702154,70.2110942239652,76.6462795032,41.6910817442763,8.52080492990495,18.1921354554558,62.238829528125,8.9456245877378,1.12739614950307,5.65040626025214,10.2849899752678,15.79366461097,0.672290157273699,14.6482261747285,17.6113577116916,13.0455196019399,1.23350399335924,9.55891128994513,14.5096835249482,4.84572957353575,1.06062522716652,1.68499110009814,6.53525375704802
"CWHds1",13.275774587762,4.34572142438431,6.52073315853648,28.4760639794322,131.347002645935,10.0019554590936,108.776923430421,155.739997417525,238.642345949057,104.070569132643,21.7712028082907,506.46262867877,90.8293927025606,46.8098452057398,-1.06159623986154,216.170075652446,79.6490988460358,38.4858571392597,17.1702091238481,244.190542374432,1678.07774292628,263.814939488424,1063.28266108987,2247.02692301583,360.853094304908,149.472227988684,126.711758414742,813.292468458651,3967.45401465985,470.138007920895,3019.81411178173,5079.65736814075,278.00650149429,10.0315236719351,251.986504053312,297.709064333361,-27.4131901511428,3.0758986647263,-38.3909663921883,-21.8230030750082,657.578178361522,44.5157244658369,522.365708232569,779.042426948982,32.5755758938099,1.53486327407249,28.6751172864714,37.2736559360198,146.659498848354,19.9817467479463,96.246506635787,188.787742524757,1435.37977419122,442.254735146508,608.833438515586,2647.17723268296,7.28283612797679,1.38385206261921,4.05015819578639,10.0542845251709,-2.19115786244774,2.17527437086635,-7.86186107682554,1.82809715384226,297.913481371724,89.9746403760955,117.62267314835,570.394927826965,16.7991958222418,1.24264816683063,13.6647608331709,20.2737093920125,231.151522413091,31.3657791751612,154.774553799981,293.374458686299,275.868501120242,113.13165496149,76.2642467799552,630.957965648073,1435.37977419122,442.254735146508,608.833438515586,2647.17723268296,68.7636933322324,3.032544571205,53.3617795293697,73.4974296256362,62.4946401879436,22.2038030471384,25.6441321313914,157.286488321947,7.28283612797679,1.38385206261921,4.05015819578639,10.0542845251709,18.9903536846895,2.04423177308482,15.6922952485343,23.2990045826725,11.9963198097454,1.18062522474468,8.87742189701179,14.4156199689031,2.56935244620814,1.6875682484487,-2.68923574288592,5.74181468482513
"CWHds2",14.4845396616616,3.5366758009685,6.59571378628287,22.6612324172281,142.4546284996,9.65010359763991,123.490404914351,162.797004992755,295.593394559092,87.6857069807915,42.6391559854694,421.216398544534,63.8968921963877,30.2662797631654,19.3564372714055,198.413320503536,49.3074655531537,21.9748063951851,16.1835916358653,114.215953374587,1472.46302781996,197.987203139875,1047.45219599468,1901.11286724835,538.658797880609,185.840274220568,236.320417376074,922.294452305942,4422.87880889895,431.92513298144,3693.14565227984,5383.83315426174,267.492523697186,11.1004227707101,245.855968727086,287.533222399082,-31.6803935350307,4.02076628452049,-38.598398462406,-25.1904001188538,634.173674786143,48.7195713512721,525.705588873156,706.800665963675,32.1872413621371,1.62490800369462,28.6553589223796,34.9563366785812,125.037895197586,20.7234952732149,83.0589637343306,164.04281748473,1159.69916689676,276.133957412964,716.288783178904,2384.59879144879,5.93838852232464,1.24683853595612,3.20550073434456,8.04741527213106,-4.68674439481857,2.22063946575034,-8.78337480050887,-0.580844509417973,254.308872902093,67.5933824071029,159.597703909598,493.268243296494,15.7695264326712,1.02600442916207,13.3521883888214,18.0812478866648,197.781394305159,31.7225433132706,136.554262147943,257.972988288178,353.283595002104,145.641814182046,145.202937926613,815.546881500314,1159.69916689676,276.133957412964,716.288783178904,2384.59879144879,63.5150821193037,6.68394521836374,53.3271234849682,73.8269411561664,66.2819984931148,17.7116491815959,28.8063952940863,111.54653690538,5.93838852232464,1.24683853595612,3.20550073434456,8.04741527213106,20.4562708274898,1.83121741220207,17.0706571872729,23.5331090136337,11.4287841278458,0.947913581786273,8.81009055249631,13.2060178136359,0.447992916803426,2.07316672510134,-3.5504962029718,3.94336463449943
"CWHmm1",6.81263805856183,1.68627287678478,2.59133995961311,11.4285075720211,128.351102146604,4.5546359997591,110.191387337922,136.815065255245,123.54503103388,50.8220494122056,0,252.762326024922,222.505480951345,78.5770735138245,104.932815034958,585.960346739071,39.2902182122934,12.8119945722393,18.8194324506092,97.4119405034918,1426.20589870432,143.488992153994,1144.13023509944,1901.73349893661,258.318373973232,46.5800234743065,126.234775557747,347.888748034109,4042.82463665553,236.646325117963,3262.38981411746,4483.57691310981,280.710218987628,4.0338214090076,272.391034102978,293.645299158368,-24.4042144189229,1.16712799253013,-26.595243350246,-21.0069736567577,601.984341687475,34.3648705195642,517.391601104198,696.189107549248,29.6670842166851,0.790677730537862,27.4631799661056,32.1009717244672,152.359116841025,8.50391191953991,135.616202631553,182.306483253859,2670.54739113903,788.358346084977,1503.17166283547,6270.24248073719,6.9603967608866,0.68165546541803,5.68695970930271,9.22866127685875,-0.186768290621023,0.783681544204686,-1.62465420016605,2.51732486737226,407.540714666891,120.102231565405,203.943714579669,1053.98863527857,15.2912897906209,0.664541236707657,13.5811246370958,17.515897456238,242.502394878508,14.9581290190046,212.534393518936,286.345118214686,410.780252288655,149.782325310756,154.2394582752,1235.47391812432,2670.54739113903,788.358346084976,1503.17166283547,6270.24248073719,73.1345456948024,1.42180579815319,70.1698313755997,77.195440761963,40.1743334034179,10.0045043381383,14.080929751226,75.7196425368343,6.9603967608866,0.68165546541803,5.68695970930271,9.22866127685875,15.4780580812419,0.659547589734292,13.1545965981018,16.8018506313927,10.969534830889,0.802174593083789,9.30775362690485,13.6452432810294,2.95125869088421,0.626144015131573,1.6490358889445,4.81207927268809
"CWHmm2",5.93782575156352,1.12902254491217,2.57552647133497,9.34412200021749,135.309566017531,4.1602888091693,125.667659296528,145.443034127855,100.922605633705,41.9532052804582,0,210.05568527609,236.486579167539,60.8981059313,130.770907154668,553.204095637985,22.0862241545601,4.80471245809018,11.3333873309106,40.2623229426166,1169.66430332181,92.2269081894886,928.360040581054,1452.91436020519,345.122452745105,51.9684325085304,219.423242781689,478.944055918332,4483.94031084249,190.369820969615,3935.36265983704,4942.08606514193,274.805173112708,3.68359330968006,265.712125633119,284.489675738978,-26.1147092878033,1.19169266752742,-28.7470287218654,-23.4127405019668,540.525356226474,32.147711128632,454.393697459511,612.481930182416,28.3940938448598,0.556863121941745,26.7644384704886,29.6742952262104,139.495607095177,7.79437091334396,120.915455794942,158.822016442449,2751.21369511085,610.176118819198,1707.30314527687,5913.04275944444,5.69600389621957,0.536726771669219,4.4351023560029,7.26961370569978,-1.20826329685844,0.691330299099034,-2.52938723921622,0.596328682876321,399.417140721394,94.282098090328,248.27211571988,933.834848523185,14.1139708805063,0.50123557988449,12.5355590211551,15.5551963192493,217.759261571695,14.8316591850834,184.661656019217,254.172658675779,656.16220760311,158.955923924567,362.343698122893,1610.4350303282,2751.21369511085,610.176118819198,1707.30314527687,5913.04275944444,73.9786530059188,1.98035139182039,70.4083330949919,78.3034901613316,37.0519644260811,7.95016766533995,14.8621080632872,59.6055478304119,5.69600389621957,0.536726771669219,4.4351023560029,7.26961370569978,15.3222341773647,0.500346700898071,13.6221475526561,16.427629919593,9.5333131221157,0.596897078689897,7.96551816645624,11.1251228049223,1.85869467032344,0.635685550073709,0.341777936307697,3.41410460647722
"CWHms1",9.67837437966244,2.84552449294438,4.67806215788711,19.369465708711,141.346954745461,7.65031937581293,123.559486140521,167.805731792289,152.063280936158,89.1277658937105,0,378.200410501318,128.144573787199,49.2031410443141,20.7443911203551,273.638806951043,33.1158743520599,14.0162721821202,6.71859985542751,96.1894277136384,1286.92928007056,170.17411209593,734.160479564885,1739.09802791898,484.222452669889,157.867685673968,212.601808534219,1026.33356572652,4561.24234560846,364.704726512043,3651.12836291098,5897.7771017101,267.989019728569,7.48645429237034,246.816741387738,284.579516355983,-29.7288992873203,3.08682901687991,-38.8728808273177,-24.1108889452816,591.882614779855,34.5583597275636,498.472119430507,676.493316415993,30.7916938434233,1.22497140933833,28.1717105918759,33.7187354470869,126.642064983109,15.0632124768863,79.0110095954491,159.07605019637,1734.39248750069,473.777392710349,723.407370725611,3119.73736456685,5.51654929513897,1.03202687905659,1.80279910564198,8.14626043728166,-3.52394621186113,1.79978682071515,-9.0188111558863,0.254293277159178,370.480047976673,111.262602897808,170.438403435823,709.972522351783,14.8937042223612,1.00247436513025,11.3882558849297,17.6877527828739,199.191401358971,23.9966113895421,125.876256678836,261.368767118799,501.652571690762,140.220117733607,186.123102124125,1092.84169043028,1734.39248750069,473.777392710349,723.407370725611,3119.73736456685,68.1968028440189,4.47796314162031,53.6947609595205,74.7137653452079,44.1831775287379,14.105572079041,18.6588970370553,85.9071098029606,5.51654929513897,1.03202687905659,1.80279910564198,8.14626043728166,18.4176504342224,1.56704622341554,15.4875908798714,23.2808011140874,10.2367443962072,0.756940545287227,7.52742831827129,12.5090197077499,0.796354194070693,1.545792784444,-3.92183010698732,3.78350116681345
"CWHms2",7.9724249403776,2.71940899685519,4.26747149300816,19.292848276089,147.156792218947,4.7589269505733,133.053356281023,161.170132254723,101.385352650798,81.5602270309972,0,368.730665381223,157.05322187768,55.9192636475839,26.7817738875401,300.148127803245,18.5420795019608,6.265379124503,8.50458794657607,37.3839178404525,1065.51482639366,119.978321553922,800.689054409597,1371.77637557547,586.201510208671,102.419124013493,331.898551509544,907.402107458722,4961.52458907156,247.597839036538,4252.39949561274,5470.13492736616,263.070060508355,4.83661732303549,248.425329804898,278.824953700992,-30.9852576011961,1.8637637386624,-38.2067745424232,-26.1942434022917,532.401907012157,39.389924517623,444.165149839293,640.375080446192,29.5383883357045,0.991900760052109,27.6288314481507,32.6757372337029,115.913268289407,9.47780851380867,87.2551975501756,145.77159741997,1970.97267042028,541.747165087904,769.875200885875,3345.26949839835,4.38029552626445,0.690558328767155,2.97958691011761,6.39136792986385,-4.31533015341163,1.06671718699392,-8.28208722163105,-1.39085614314211,418.030046715111,125.120183460045,172.92058660673,831.397788648819,13.74597832882,0.715594155015318,11.9722935544626,15.4244323683179,179.231667655401,14.6927975379859,141.132723194942,227.864021032748,755.682662852943,212.507747610047,312.627813212511,1420.69662972149,1970.97267042028,541.747165087904,769.875200885875,3345.26949839835,68.6812184428902,3.34406684481715,55.5136844470384,74.5004441852716,36.4217375937746,13.0719394978709,15.9724424915222,88.7891076609134,4.38029552626445,0.690558328767155,2.97958691011761,6.39136792986385,18.0613084822316,1.03224519020718,15.8740927518695,21.7621156478725,8.96843047794834,0.748995803772522,6.86807250394604,10.6476120778806,-0.207839425419448,0.935480246898933,-3.34025077412466,2.48684058264263
"CWHms3",11.9791407410465,2.88972637522781,6.32722084338445,20.8745675110953,149.239526440489,4.46976347353559,135.243934914901,158.934256141052,212.839396475964,58.8319392050626,41.7144327012607,379.526003896962,83.411173438542,32.3555701532784,23.4914732290112,185.672218578272,22.8475131175118,10.9098736360197,6.60183693827048,72.016399591947,1107.49194347356,165.98581691872,723.166124247963,1595.96293709141,648.528476563538,96.4761502524142,348.08285450127,863.564136002924,5001.66212191734,308.004239706583,4098.39196821818,5714.003761665,261.180018522332,4.07251764786276,253.679116048555,273.464027680698,-31.6423092275556,1.20367642524467,-34.3196757954987,-27.3508794941783,554.971885220443,47.136401474478,449.697026021203,675.329113212383,30.5607783050512,1.23497026453467,26.9747388037686,33.3377482530114,111.940492081844,8.46724246989836,95.0763858884479,138.197673541611,1262.42009023172,316.193660352449,677.154033959927,2227.82844982721,4.28139569127453,0.869038979877458,2.31012705917128,6.84897840483467,-4.95389347443913,0.761329148026241,-6.71792637819787,-2.23236012550271,258.193310744779,57.8150926300844,156.338671466319,454.287774233167,14.1716622736368,1.06341213351926,11.4848827309595,16.9947855791644,173.499166649873,14.1749678138123,145.668987230317,221.448453748138,543.6296580944,148.131018061382,208.163447649997,1024.10694115132,1262.42009023172,316.193660352449,677.154033959926,2227.82844982721,67.1942354360488,1.88213541732923,63.1409144325757,72.2372769030977,57.3106634519635,12.2010432925023,29.9256575635725,99.8348378232562,4.28139569127453,0.869038979877458,2.31012705917128,6.84897840483467,19.125555748076,0.739481736503421,17.3700890259606,21.0055111055815,9.08452157702293,0.985186676378478,6.57854338218878,11.6563877222605,-0.521730194473879,0.844304347929797,-2.27003073869832,2.08853023456172
"CWHvh1",5.38793569041982,0.74605203107451,3.54073790557137,7.08074050486225,100.315092523776,8.14168347581395,87.2937632196653,127.483673391308,3.13603954529457,7.6939947190918,0,65.7060639935059,308.826863761973,44.6192360128988,223.6954006544,456.059100170952,38.9885813580146,6.51207002901945,15.4719779053153,57.287739034553,1631.65930235323,125.421471022847,1089.43516170222,1799.26870772564,111.154276055689,25.7650360975951,78.6315937297818,246.979734268534,3428.64728585372,204.605431347665,3161.19466631795,4370.53126468875,296.370267165817,5.4078592896423,275.98909212117,303.992700319603,-20.4094951983305,0.972100622146985,-24.6333663968246,-18.9556634561778,567.679683722551,16.6131409299486,510.992429959773,624.1139072091,26.6506464272905,0.623456373369415,25.2370478711927,28.9035881838879,196.055174642041,13.4359343915847,148.505418729862,216.698937099937,3517.66330130515,443.883022876211,2661.82493779115,4981.9571602463,8.62684845878677,0.568551034926745,6.00677526550541,9.35979274395089,3.34225520656712,0.739797611209836,0.450458427183477,4.60843118752938,723.281053814768,124.73055274978,439.634639709216,1112.51844378292,14.582672882074,0.388398318252276,12.9554474403566,15.8434085582139,294.849613305245,14.5722887466422,230.680397638739,314.659318045537,157.053418288317,82.7720850287495,79.5441923733048,618.733028661956,3517.66330130515,443.883022876211,2661.82493779115,4981.95716024631,76.3638168385148,1.25739101944185,73.9562606408901,80.5773281269744,20.7851117030228,3.70315549335973,12.7236402479253,33.2947116211509,8.62684845878677,0.568551034926745,6.00677526550541,9.35979274395089,11.2404176755069,0.739895630269959,9.88581745922308,13.6396061420088,12.1809458255565,0.485176788781331,9.79646753290722,12.8365628615433,5.07275109201699,0.692963483162245,2.21708299810361,5.975210058519
"CWHvh2",5.03235505793316,1.50456396021417,2.44928112314727,10.2994010866098,118.296097634488,11.8369820053153,93.2528983914001,140.352407011671,2.69823610405921,10.2811885297385,0,72.6795171210727,326.668085660764,94.9675005301362,136.456928655376,601.482623178587,25.6183058714814,6.30261548368397,9.63207274442482,42.0833278010999,1326.11234871707,147.29183153461,870.249588150868,1613.01860565412,235.452050960407,100.073673303643,107.907967876437,528.386641681411,4052.06619730015,353.607028781942,3461.32641273717,4961.90280669546,286.454232468523,7.55434625529179,268.315724068923,299.230393548847,-23.8578618750241,2.62599582008518,-30.3662518745917,-19.6288026809491,481.929130964636,35.4754843304896,387.0351111642,570.385763448053,26.7977974706427,1.18316940537114,24.1566439480921,30.1232279526755,168.158134834035,19.2663021088531,127.963317057251,205.904760523298,3619.14214935041,940.747045776311,1795.14697836957,6367.38915878569,6.88910401848945,0.979734034638636,4.37827899429545,8.54721114524683,0.202870404735842,2.11143514734525,-4.3765283417551,3.56590229186039,947.139196781777,248.817847363275,399.984979026721,1613.05162545057,13.9607501027521,0.612337957510289,11.9604336302274,15.50288038843,258.023647027906,27.7102645324277,194.020025395616,303.338174798076,463.005278111286,351.174401933459,81.9750786240431,1606.09781194954,3619.14214935041,940.747045776311,1795.14697836957,6367.38915878568,77.8791663706397,1.70405704603347,72.8556928270658,81.7657659188701,15.9325556952263,5.0444533773477,8.72502210944314,37.4227116393661,6.88910401848945,0.979734034638636,4.37827899429545,8.54721114524683,13.7578796980163,2.15507290783595,10.0267672315238,18.8180111855454,10.1608464141559,0.931442939299946,7.48097799752911,12.0343930099135,3.61736162282298,1.08552500900917,0.616190664062965,5.35259093403086
"CWHvm1",5.64390836019048,1.73889468845673,3.21019300038609,11.5380969640283,120.548019282102,8.68834909689483,95.9395963661013,141.352123937936,37.4156558281463,38.5288839453053,0,177.881750757394,292.098161177023,88.9553568180808,118.341523668865,492.047322040506,40.5814460158716,12.8589727225196,17.7823811450163,82.7688977760154,1496.36239376902,166.027655307157,1140.51623852538,1842.25947138022,205.242362035343,59.7796175189437,98.1000523188235,410.981791672003,3837.80518553314,293.411199026043,3231.14232827975,4623.1868151206,285.502450881355,6.17392118543526,266.5472287025,300.184660760584,-23.2656912787776,1.73143992503653,-28.4799174007206,-19.7775953982346,592.585098346654,31.2851606021272,515.103752223097,678.854199024668,28.8602262959936,1.03701074118039,26.3164566799903,31.5898700913812,164.954431599252,14.7102899142349,125.195104764565,204.245064394483,3361.50352676617,889.830531061389,1614.74252002603,5345.63588694308,7.5235065148989,0.83012170609849,5.30830729651562,9.24614270551278,0.868383095091809,1.26706024649708,-2.39933281524987,3.75503010713474,650.787041586654,184.336305161795,315.659696386077,1270.06646115862,15.1499363688212,0.715079468935987,13.1464821054401,17.1249266795792,259.546385941434,20.9586800428994,197.094854288268,305.703767413923,354.419151807937,159.438077106407,72.9581645103192,897.086944053802,3361.50352676617,889.83053106139,1614.74252002603,5345.63588694308,74.0908644127503,1.44961865683275,69.2819079058769,77.4565308183732,25.2846218296383,7.52325991003302,12.1285983061843,47.3759915081786,7.5235065148989,0.83012170609849,5.30830729651562,9.24614270551278,14.2815532737294,1.36120543164831,11.1496722952515,18.4615611196749,11.4001913565663,0.827998786040109,9.46817358781961,13.2475949940178,3.64682167323151,0.889560293101853,0.78173562543356,5.59584819412657
"CWHvm2",4.83453945430086,1.26344631667698,2.57264286949156,8.62385489088529,134.470355217432,5.09069588219531,121.127704703242,149.794499586113,24.3290396508606,29.5222284467519,0,138.864920752121,310.524555571302,94.8506531562817,146.255138835028,568.197996958273,21.4727258098506,6.05801441964788,8.13794126082267,42.8839953817521,1166.68983372738,113.976138112569,804.776228810952,1454.56622687123,337.484481169625,75.7735638262321,195.997007148343,650.697272738846,4464.56033495667,237.614512268013,3878.27935546672,5301.9582846363,274.240651327301,4.20575530935832,259.664221512858,285.557780226901,-26.4699020996042,1.63626308723422,-32.4851756481515,-22.8889002612222,538.977390495337,31.9382558117048,435.657094437264,613.00274393762,28.1382627305894,0.795777577773877,25.7983766135805,30.1721387427307,139.770296109869,9.15448320432883,109.869721926745,162.989844189358,3492.48669929663,949.806754310689,1832.6207211793,6062.03788978644,5.75197148126323,0.665179156524057,3.44466419816308,7.41399598821367,-1.13675416362626,1.08036191269724,-5.32036196990414,1.40932880732194,683.832242101439,190.541044537847,335.543065230773,1274.19083332947,13.9179967815621,0.658047607448796,11.7698251848301,15.5501909364658,217.625129117765,16.2939558288866,167.058618436977,260.281834601526,737.271478693266,226.179920437398,276.701908278675,1559.46501421095,3492.48669929663,949.806754310689,1832.6207211793,6062.03788978644,73.2528672486741,1.52831356399998,68.9015968324391,76.4516402159006,22.0804302229527,6.63206127335773,11.1266246888337,42.7421159920936,5.75197148126323,0.665179156524057,3.44466419816308,7.41399598821367,15.0547509451883,1.0948263400033,12.1036513265145,18.0272132871355,9.70218595022645,0.663085120308832,7.62470435214694,11.2373168802569,1.80175701230001,0.743043543198251,-1.00875547293282,3.5906750961704
"CWHvm3",5.79182961110618,2.04200308581927,2.62322074760508,11.3826906419356,124.733771918741,11.457987481658,98.8588837966695,144.012862478724,24.0052998340813,32.7779618790551,0,124.422383165868,283.189206970014,101.575769539056,120.164638224848,570.251127431307,33.9856531020865,9.47727517341273,14.2193485437033,58.4777614144835,1402.06019325349,149.376947268159,1019.80991818581,1696.67987511954,295.311228513362,126.729631973052,103.789729273944,559.705727692471,4093.15340432258,374.862173623205,3357.72684742364,4932.23241786574,283.070741317835,7.14120995712359,266.220129177711,297.822035931884,-25.2559977765905,2.96131089566283,-30.3181346861729,-19.7368871196263,529.10622580881,31.1175914699261,423.763868240809,584.27367770745,28.5909087942895,1.32743991740177,26.253042507877,31.3956676439955,158.336969399094,18.4756535276271,122.207266698987,198.963152135215,3224.59992700561,996.696995065565,1632.7636992097,6063.84091700984,6.79796993367556,1.04119744084395,4.45670077124331,8.81613160929055,-0.931367756427362,2.53174786759599,-4.89383615818851,3.58116137632177,771.182529009423,296.997137479965,374.092830062577,1783.39697189701,14.7888939737957,0.710554113191894,12.8178798619427,16.3557879743723,246.238619285032,28.5512209017061,189.717222779159,300.951163752113,540.147575755609,364.104462016608,75.0531364504426,1756.9468747474,3224.59992700561,996.696995065565,1632.7636992097,6063.84091700984,75.3780457606029,1.36839817901826,69.9673384716354,79.3039449817165,22.136060424151,8.46749833161057,8.01405640493594,40.490221937864,6.79796993367556,1.04119744084395,4.45670077124331,8.81613160929055,15.7202617302231,2.75168332579038,11.0960738746656,19.6083946203575,10.4513845324253,0.987885595477227,8.58763156621578,12.4280442361823,3.14455533492584,1.12744344657531,0.325769976270844,5.21115070049978
"CWHvm4",4.2826862858541,1.12932389905671,2.08383208214912,9.09427966969953,138.764485243305,6.73081504705824,118.538860915297,153.664548426685,6.94096928563655,14.8181598256013,0,100.771426379559,336.321326541034,92.3545348787565,146.653365543809,650.443723920204,17.1844219099436,5.98537877948033,7.67247086324922,56.5317506877906,1070.21233474577,121.13636456067,785.727893870216,1550.975764309,467.251183993925,123.495309655813,198.576475167387,731.693854320437,4767.02841133217,273.311979533024,4043.87530219414,5417.99464080988,270.925317767004,4.86866677826929,257.509914097737,283.395097989451,-28.6453510593286,2.13332184274672,-33.0414803169837,-23.2852135763338,480.981863705193,25.9017239270163,403.104620658229,546.901544400309,27.6563479362635,1.27774830005846,24.884992891985,31.4284182309137,132.160832523699,11.4337567783105,104.876448675096,163.993499858087,3705.83063302208,914.379580301756,1860.25968617453,6834.3391949876,4.91371905664198,0.753441982490928,3.1200244279081,6.91772184433868,-3.18144632983748,1.79749297869251,-5.96434343766263,1.18247435838538,885.247010805905,253.065463688474,433.095325357701,1714.72796097296,13.3438541389429,0.821672983290686,11.5460207838928,16.3259111148443,203.954841172003,18.8971576624033,160.970049130197,254.449013198886,1054.37117997858,423.316510568781,211.712569876482,2632.23442854721,3705.83063302208,914.379580301756,1860.25968617453,6834.3391949876,74.1169308593032,1.66756150541337,67.9595380607945,77.591938049046,16.4376158268888,5.26581968887905,7.34472267244852,32.9634258333936,4.91371905664198,0.753441982490928,3.1200244279081,6.91772184433868,16.5253004687804,2.13921450202374,12.0199346762785,19.7482310476349,8.70057766903028,0.646717185888241,7.11825520968178,10.5914292962442,1.12686044425368,0.909247708788812,-1.36239284355587,3.33405020136073
"CWHwm",7.62597005890952,2.55340343723498,3.36766643890732,22.8124539658636,146.725364233971,7.14308168093816,127.793842550772,164.684799382239,62.3441946667695,39.7122063241271,0,215.497997761132,158.517556272518,47.860888933762,24.465763414392,309.57299399918,16.015756273546,6.001517602502,4.34087845721536,34.3421875832442,1027.69997033261,157.522829414124,599.520693852406,1368.77747775781,810.819736866352,249.807126224604,304.29888181701,1427.50193173173,5267.96701883503,491.341934336105,4176.01256555288,6455.89107455575,264.948855961573,7.15088210009118,247.615461643565,282.503074450957,-33.1000503772968,2.75320416070007,-39.9200498120914,-26.8970018782513,444.756058515105,31.3186617956402,360.159588274327,512.011240849792,28.5602209893445,0.649561782287454,26.3544016687015,30.8249071292749,118.223491727602,14.2493697627889,82.9306622613269,154.709231900185,1910.01778687085,488.224892692926,555.110081697371,3350.51767912813,3.527211281161,1.35646152237762,0.254565846416497,6.55186952574736,-7.44957510697332,2.37725731213841,-12.8755388484169,-1.95246276202731,526.136023630878,126.089017627616,180.152361242139,1306.03479466364,13.3251085480915,0.856822127290355,10.2520018501335,15.3851181845885,182.812686808613,22.2489628205204,130.143403378741,239.064772804167,775.898912741312,251.448416365391,247.403685688375,1630.49269550694,1910.01778687085,488.224892692926,555.110081697371,3350.51767912813,72.0952022996224,3.28472400109535,63.5620054149416,78.2258956318223,27.0238425058934,8.09067530844942,8.39619675869878,69.4794641161411,3.527211281161,1.35646152237762,0.254565846416497,6.55186952574736,20.7746836550648,1.93365221099723,16.223632293595,26.1062099794267,7.52154338116211,1.16293947679121,4.71074916922838,10.1479403861269,-0.467120818840111,1.62792136934374,-4.51539843038825,3.00216440639959
"CWHws1",10.6702340048898,2.72174160141121,5.11834343828618,18.4981373795525,140.267376876354,5.29529746211053,130.555212287214,152.6909371478,157.1431582315,62.0400916172745,14.7735164665414,287.982453889904,114.159114572509,42.3650075933619,35.3119807579736,249.443198974614,38.0883269162482,12.8129166909701,15.8684599070072,63.7677722594062,1347.97258655551,146.350438816249,1030.06976292402,1587.42186784579,542.28551315743,111.790464079038,351.5497212328,852.217110601071,4572.94286365574,297.163786298684,4107.61002062573,5269.07886287981,272.628835857571,5.63696261188029,258.792419879811,282.278673316061,-30.1084383842186,1.64000032141588,-34.9232371504965,-27.3380355220089,529.521592137103,26.0932295486852,473.214885506995,589.68657051012,30.9083566835136,0.940606396195613,28.4305733757558,32.5019487888853,132.361458981217,10.9140503061589,106.101482732012,151.723461028847,1550.49776500268,408.305985876018,779.821020350949,2878.93954067441,5.48977849477058,0.847343305145171,3.52948553050451,6.82852124267139,-4.93898483703028,1.071262006611,-8.05751326914594,-3.20896435418467,358.251718044907,92.0558778241292,180.191336914782,732.215003652497,15.304775182491,0.809979511944997,13.1992945220135,16.6200817784496,206.901932203203,16.7066577997871,165.348474584889,237.215129971442,486.658877601342,159.039896116082,287.028286340212,1028.23160976044,1550.49776500268,408.305985876018,779.821020350949,2878.93954067441,71.8316461114081,2.08722827498979,65.5708220738058,75.6787352678749,45.4775759158526,11.5790690621568,18.0265283505141,81.7666251677517,5.48977849477058,0.847343305145171,3.52948553050451,6.82852124267139,20.2437600195213,0.825813190190501,18.0990821500287,22.5612737701657,9.64905635023403,0.753600883586609,7.81501297608847,10.7833460161817,1.33050063930712,1.02703721474449,-1.44460042797871,2.92646474384791
"CWHws2",9.02204473810614,3.57506988638851,3.63037002947581,19.5762476158067,152.351073789698,6.16844135570471,135.086908759708,169.00698055041,107.412356737551,71.1374542639343,0,319.755829574163,135.461941245947,65.2814826553618,29.7548290907877,327.905033206285,14.3416292891469,7.50334011981498,5.21221143423311,49.8850300265437,959.90835408546,168.891738567252,646.522871705791,1514.12206507171,786.060176034029,155.295383429438,383.280710307861,1102.46161520203,5331.52778687105,367.431349233657,4305.66582675034,6038.83939828091,259.390398515505,6.04643890827322,243.553553870361,277.683608955141,-33.4972842115107,2.01127079269749,-38.4822377230812,-28.3110455889935,481.287412822826,45.2571256829075,396.014223742249,602.984441807866,28.89762830897,1.27816588606491,25.1320220481711,32.6017230246638,107.039324725807,12.1209735535999,74.6868334364462,142.002207698121,1709.66450184492,644.071102617797,644.868118197158,3619.91027508925,3.35867789064013,1.01499336097387,1.41681626886855,6.24810678859799,-6.6925680760301,1.42919228202733,-9.39897692711177,-2.19818945425128,414.752201710838,133.637388458836,202.846521589658,804.055175357891,13.0194441039066,1.01694100931586,11.0247063616699,15.7944011120856,167.018525732216,17.9875717808455,122.824766112274,221.340944856581,748.252153019529,289.911554271259,259.863347057073,1686.31082951124,1709.66450184492,644.071102617797,644.868118197158,3619.91027508925,68.4504586685481,3.7302661838686,54.7775893395358,74.8083897593467,34.7135807111237,11.3740106352876,14.2857591232795,66.0049041996463,3.35867789064013,1.01499336097387,1.41681626886855,6.24810678859799,19.7120121799367,1.39986165981827,15.9057443303413,22.5464681848918,7.88938271000633,1.11960325586503,5.56336999472856,10.7883092678466,-1.17202692872606,1.18738276626485,-4.14392572179698,2.19177899082724
"CWHws3",8.60927221928343,2.58452683967035,4.33365175873394,16.3474740345365,137.493839209821,8.00416631412089,115.894367184686,159.396171000883,107.453566387434,67.9480504034579,0,338.030702259484,157.083377555186,57.1504213976316,49.0980171805902,304.732925114478,31.3312798767937,12.8063447558036,11.6397650387177,71.3200926345555,1314.89809756763,180.435485286334,939.634782643348,1788.96902950515,437.338775379545,129.056404826311,174.307801593161,865.217911329445,4439.69864227032,367.341553127683,3498.82445723457,5258.84461378576,272.220233515958,7.77810100308144,248.775947801537,290.563995145128,-28.9680613196287,2.44659306304792,-38.006902866189,-23.3526956684443,560.221397444125,31.4048944657154,480.646895706851,673.17302614135,29.4883213597034,1.07642681367079,26.6139382505456,33.7917331042642,134.726394306137,15.6937449770383,89.3797768006544,174.669627960442,1995.0822292113,552.997583148017,936.8579008076,3388.15642152482,5.83828921263303,1.04127408286391,3.55907612496314,8.56334331663652,-3.24024267946469,1.68938455885286,-8.18687088055703,1.04764123151768,434.211181001071,95.7965402956587,227.788572784236,743.783036937428,14.6061506664468,0.911174229933381,12.5235645564778,16.502509840405,211.700871120241,24.7800529963439,144.849965413546,274.847832432577,507.278658021688,232.736345717434,129.326804751952,1229.86564863318,1995.0822292113,552.997583148017,936.8579008076,3388.15642152482,70.4416477186061,3.40152481555618,53.8328229390513,75.9672381222451,35.5105102701895,9.11224764534556,17.3715086073556,66.831882661775,5.83828921263303,1.04127408286391,3.55907612496314,8.56334331663652,17.8463933459114,1.42379727883859,14.4158085536939,22.6059356744969,10.2274904869872,0.87581013092517,8.21601954112011,12.4396805463352,1.4490879382789,1.38393877576038,-3.11132601802985,4.68700608693786
"ESSFmw",8.24564739938094,2.01453572188001,3.95038243683049,14.8078360925501,170.688597610054,5.3637461617888,155.210745770809,187.524314085322,156.359252764349,53.5160703650882,19.2959501170246,281.205031153984,112.909065133422,33.285436179281,42.9237252747039,248.391222286809,5.31952155750106,1.95812556736628,1.90091393397956,12.2095774378503,640.91602357488,113.953218908248,371.713524598533,945.472362046212,1037.46180555763,89.7559554905635,759.365641618289,1320.39720451777,6035.17705105423,246.225902356856,5372.62894551345,6755.22648919939,245.484793051886,3.44165559425822,239.75235819444,257.73346244659,-36.8419719540604,1.0802701314136,-39.1579901516255,-32.4482315285879,465.695927040637,46.2272697815516,356.168054676942,550.969827812783,27.6703870522237,1.14812254464609,24.8428277894278,30.7613544508661,74.7961954418321,8.34556093210378,53.4412019635291,102.522716675781,1456.17179567018,321.236806352327,809.5125240116,2784.97995691593,1.42769318839515,0.674851974014899,-0.546163012972187,3.24329910265543,-7.86450845482313,0.622968138205165,-9.22171144719809,-5.50252743429051,292.14431606306,57.3672149160285,184.648926236019,531.924688302598,10.7786122509585,0.844073383900402,8.51904383525871,12.9295155387741,121.666681318406,10.7023692938349,95.1131376394684,156.825902300437,898.469619444512,226.930173784962,451.23764474198,1781.43833262878,1456.17179567018,321.236806352327,809.5125240116,2784.97995691593,61.3711859440879,2.88766627662903,55.3528676539745,68.335489880394,38.3631861804424,8.51360429054643,18.9661828405947,64.2855398225888,1.42769318839515,0.674851974014899,-0.546163012972187,3.24329910265543,18.6431207057816,0.892828970372791,16.7402608776501,21.0929779643033,6.8157580774348,0.954768720670216,3.92893297300615,8.73670962957949,-3.96037170064449,0.654547665996653,-5.22074941226966,-1.47086860767244
"ICHun",15.9370276056601,3.1506279331559,9.76355831131116,22.5127513094442,152.278112827924,5.80324971573071,135.331340074221,164.167001360378,340.075988228061,29.6605423232647,259.377128769812,404.569013992504,42.17360777276,16.2964324327109,17.3537213503834,83.8025613659476,33.484248700935,13.716788738422,14.3990788110215,92.1508046061876,1296.75508879601,146.46635996915,998.642441344605,1785.36923145426,747.224532149234,121.650823762078,378.422840683941,956.015520516156,4887.54279215115,299.487094477544,3913.21400493017,5491.22368369617,256.954544224427,6.82449223268362,244.695841932024,276.758495132754,-35.2518995354462,2.45917076018257,-38.790826406181,-28.4056911543569,631.567033826674,37.6371272485384,553.708773677538,690.853172029429,32.6361226770443,0.838562362172459,30.2804796026501,34.6585138623279,104.676431396504,12.5904442049617,80.5288405716463,141.427155058533,949.31000721604,171.886675334945,676.309048328304,1337.54500503915,4.61005760860875,0.865031031465156,2.9072473527421,7.482393996535,-7.11425473244756,1.31761307068315,-9.1214844842506,-3.03032321910199,208.031474933409,20.7577303664077,174.02521919483,265.758339830419,14.9836517358565,0.790856884238411,13.2773932325307,17.5726375792506,166.510106793288,18.1601073392961,133.451909898806,223.628332764219,408.68406616693,117.14818020244,195.961566755988,713.851751502502,949.31000721604,171.886675334945,676.309048328304,1337.54500503915,58.4540272677533,4.0983891612062,52.9716408739968,65.8921544473653,72.9357390685695,9.79159103294617,50.165708712953,97.3674478792522,4.61005760860875,0.865031031465156,2.9072473527421,7.482393996535,22.0979064683041,0.816345951645275,20.1191900029088,23.9203959511786,10.8067699050062,0.741975262544303,9.05313088290819,12.6792334803935,-1.58665468778869,1.30242567275155,-3.75851698479837,2.2855545126765
"IDFww",23.7651517941772,6.30405158005871,9.32093568940437,39.5031812100739,137.734408212653,7.10783303093702,121.269345215477,155.856548829082,404.286995509086,77.4939974431058,206.300934820093,543.180125480022,18.2962984776229,24.4284791115678,-20.3909723138924,114.20775716728,109.67010393102,67.1546663510178,9.32114312081292,266.061255437838,1708.82696584582,338.513406823927,823.736864327268,2311.8536271047,492.217797696651,135.585582461662,247.593066382847,931.888329437187,4182.75062642487,500.379047835028,3337.92249189868,5693.62280086836,272.405473609366,7.37641058171325,257.461571209676,290.54930131778,-30.0124082763189,1.79119101606929,-33.9911253120993,-25.2813325452946,681.909471641193,69.3591781145702,463.482065677697,796.564291439749,34.430592742548,1.94194375168292,28.5500443302926,37.6504331178752,134.671065396714,14.4529130925356,101.605022380594,169.279956102303,756.152102300035,219.104067578478,462.891126854304,1605.50782366311,6.76917345887354,1.55035595620742,2.35882536215874,9.40601313387915,-4.17424140183587,1.19492050171585,-6.93485187764159,-1.30663348512814,161.969711811208,29.2880915321085,105.449354846382,280.486147856779,17.5325517413305,1.78590331834701,12.5383445635421,20.5265542752388,209.444208574294,22.9043374839318,154.331567080693,262.781769733545,231.337331709254,86.6815812041553,116.0389787609,664.672737919843,756.152102300035,219.104067578478,462.891126854304,1605.50782366311,65.7951100694059,1.44482695860248,63.3674877816622,70.2495306744886,112.834276417072,28.6008754441204,54.6467956685461,193.599910289408,6.76917345887354,1.55035595620742,2.35882536215874,9.40601313387915,21.7067931431663,0.942200509569803,19.4679282833874,24.109706761663,11.941317225701,1.70836046620526,6.55880993721819,14.7844083176812,1.59702969204607,1.42738964406436,-1.84115921290072,4.74858764027039
"MHmm1",4.129493468615,1.02237825709064,1.97716246860497,7.07305947273732,146.776915932409,6.11134229478928,127.641834137597,163.579209790066,12.3661171915001,20.8698993818245,0,120.883159746813,324.544833579572,94.7181355523144,168.281360387677,664.63535301804,11.1167519864932,3.38783947463792,3.82131404718639,22.6819250251576,892.897144936061,116.411168964271,555.796637107698,1172.44319148498,582.741700445333,147.924551189441,260.872754117082,1118.35807951209,5155.2181655485,310.6913428675,4349.90702388495,6250.288862832,264.820983840153,4.81101779526259,250.866366031917,277.584855339908,-30.2406717460599,2.09732674264344,-35.5555130431737,-24.7589403834963,453.689462229879,37.152422809693,371.142362975306,556.796212473574,26.9932957193714,0.906959860905535,23.5739754305474,28.7607900237723,118.044067907744,10.8192872275091,87.3010068177317,149.943021202311,3566.64928855722,939.567806839615,2032.64570974369,6947.67257888148,3.84472376198227,0.853257310168792,0.83482952029038,6.0626122060826,-3.89797568537692,1.67999012616746,-8.63321530672085,-0.00362796138508581,769.699891494251,259.274846176035,308.898076707025,1805.95863993798,12.4814343976182,0.734979477187143,10.3065150714152,14.2304309104745,179.766218189161,16.9826628027914,137.273492567935,234.719793131666,1354.61136724725,442.029156022573,487.034406748076,2715.12871211748,3566.64928855722,939.567806839615,2032.64570974369,6947.67257888148,72.5017633889086,2.35512437864973,63.7065854050794,78.1699018255636,18.0933032656743,6.26640185263266,7.41491410830037,42.9962385349479,3.84472376198227,0.853257310168792,0.83482952029038,6.0626122060826,16.3794100829951,1.51395836765329,13.1184455505013,19.8151383815855,7.816458871828,0.834228053404251,4.61380150085503,9.82455670007242,-0.127011347863463,0.985692145793212,-2.94414246027427,2.42840368777787
"MHmm2",6.6365037259828,2.45192850428582,2.77983526320834,17.6360729359537,159.685231736017,6.21619745265317,141.402843404458,178.400820400078,64.0948350734393,54.667837806723,0,239.788445904156,171.514760896075,67.3731058082763,32.4694199986501,424.531827433739,7.21476954704876,2.95791633857172,2.01711039717694,19.1514036994924,730.459951617867,128.028690367697,408.53873389858,1107.55965781552,973.81946643119,241.527612042778,442.793559755907,2045.29864439953,5848.3179172602,411.642410703748,4777.7940674381,7495.3004370606,253.859048274385,5.12837417662405,240.229592857844,270.903240866806,-34.9524424504992,2.45106704103642,-43.2696521195086,-28.50445686184,431.777866087809,46.9368154920597,291.22636309595,572.102088335833,27.5311148881738,1.16670991437632,24.1208139670216,31.0715857172188,94.1738165383684,11.2119789032174,65.3261188588502,129.500397462348,2014.92423681636,669.260191592648,691.696485464634,4522.34639278443,1.93722574753721,1.13263986875858,-2.60077359620738,4.87257720179123,-7.69860885872977,2.3174196871188,-16.452235577267,-2.59021959446474,473.070803765539,163.258294103252,210.113892161872,1269.41915246126,11.6064266370039,0.899013234817391,9.37123371670436,13.8249622697329,146.295726274542,15.3694240564196,108.259450214279,196.977258342236,1095.70211492418,376.47771604503,342.28422266227,2243.05345019418,2014.92423681636,669.260191592648,691.696485464634,4522.34639278443,68.2176382146372,3.59479178830388,56.883396214025,75.5567834739105,27.4742141947014,9.67901901614369,7.64913636471856,57.0807049757254,1.93722574753721,1.13263986875858,-2.60077359620738,4.87257720179123,19.3050354957336,2.07233723828398,15.7253786670458,27.3797042250438,6.36272417444797,1.21631853470545,1.77997756485326,9.48360282668729,-2.48827267937355,1.26640646588483,-6.98152475726801,0.921584955642316
"MHmmp",4.45168670109884,1.45720024186523,1.86227833789137,10.2604292689597,160.390474787584,8.68273711816168,140.285462554412,186.439401237557,18.2356300260694,28.1906324036333,0,155.43360539344,267.394652817275,107.327308739735,81.8091518473819,675.380915070023,5.80456581603493,3.0911129020509,1.65208626215642,19.4220992825851,647.794442044768,156.582268346521,338.991799165562,1115.81659629143,940.820809326223,226.080003425772,435.67236277223,1437.3527650328,5921.08553916814,458.861731607971,4810.35066766469,6874.16798940276,255.213670543291,6.37853433552363,241.858597240646,270.442158338377,-33.8757488764309,2.26444845287083,-38.6023638430951,-27.7415299628367,389.829016111834,48.301965155989,287.756682469029,492.519272885386,25.8582881485385,1.34367473323381,20.0571132770967,28.8740017151882,94.8231957557073,14.9448617167119,55.4191960030883,129.415520928974,2936.33604020845,1084.55200341042,1094.21359068073,7019.70558277473,1.74116596479322,1.26007156326144,-0.878583318839257,4.78938812443608,-6.71592678678151,1.87522387542265,-11.2253304663977,-1.97199406927243,668.43922934171,262.009159783426,243.69625587332,1705.76093200086,10.9455784929135,1.12988866631546,8.30440744450298,13.9534451310944,145.305542450837,19.700546746493,97.3650261512708,199.364575882923,1574.86013633355,454.754552882596,646.505597343439,3331.7814861012,2936.33604020845,1084.55200341042,1094.21359068073,7019.70558277473,70.876503468554,2.80836832367383,60.8877379856982,77.274389559955,18.4960527654618,6.5392568872276,6.57001783247426,45.1830958688706,1.74116596479322,1.26007156326144,-0.878583318839257,4.78938812443608,17.661505279695,1.36484101755676,13.9092850908992,22.5796993279859,5.76142675142271,1.31275159469593,2.74454054060593,8.80452803376082,-2.27909482183627,1.32130194621491,-5.10913710768546,1.03028276883907
"MHms",8.91230439861146,2.28628711963526,4.53361191028198,18.2831647605349,164.189299888756,4.77056395034635,152.672442089835,176.381458910137,47.3535455088189,37.9563991292143,0,186.113279551349,101.225836836526,30.2508004747966,26.1259257133709,192.451596616291,5.09827429482848,2.10783091560978,2.33130278874877,15.8441732189918,626.423251908145,110.594767797917,430.513978926445,1012.27518299172,1215.71401812083,125.239335919724,922.090003331423,1516.08101626458,6274.30479539605,275.648449728058,5445.15038515538,6885.14035859041,250.378758533619,3.16919111234484,242.314171275284,259.244759669366,-36.827984584601,1.00988317388358,-39.0145583290127,-34.1640596629679,388.155002931445,37.821130379204,317.876004681337,473.505845481381,26.8599413085616,0.953162307557503,24.8817267474784,29.8764469268365,86.1894586448631,7.90820563368459,65.9327123651466,106.572317579531,1276.0058353343,289.759819057022,588.716576422525,2151.62419510034,0.767169823167597,0.755680149477092,-0.909992755363003,3.04057467628618,-9.6201426012113,0.728942558044931,-11.627692971625,-7.90225786903013,414.240141293774,71.813163996463,259,621.078648043388,10.9206189584383,0.868539404896434,9.19567354135783,13.6957773411018,135.59548079944,11.4232588459556,108.661564921502,167.403421141215,729.721163096498,210.803257000301,284.367717555613,1462.13701531366,1276.0058353343,289.759819057022,588.716576422525,2151.62419510034,69.4183561389627,1.75281484495674,64.2170079043142,73.0053529090314,27.2725902409905,5.75757093472504,14.8645017719151,45.5833624210988,0.767169823167597,0.755680149477092,-0.909992755363003,3.04057467628618,20.5407615596496,0.881363212504408,18.4096445165202,23.3077531136017,4.89900836804501,0.813798153902797,3.35576810790849,7.41433304595094,-3.36466872170982,0.774499341509966,-5.20394019975241,-1.33318369337858
"MHmsp",6.53831237418584,1.70824268529156,2.96037866697361,11.6957799071705,172.505850785173,4.56372969431317,157.347391770472,185.403987387143,22.1803616278598,21.3675240807833,0,94.5769562069261,134.54703255793,41.0471950180677,55.9140178028974,272.992777641617,2.58765340024377,0.723492622176592,1.37406228972812,6.64767375457557,449.195042074667,64.0960161545447,316.824502388449,724.819592414343,1388.49601063899,114.138099729991,1086.33212116638,1682.8441968172,6720.5251786171,214.319768610237,5990.52730733097,7260.7151469967,245.870416829371,2.52878937188003,239.013430042047,254.997425068105,-37.6864074202835,0.790055907740227,-39.3155235529492,-35.2150934083663,327.00958192757,23.6805260424838,283.071087639654,402.052924256004,25.2173403984245,0.638201502352771,23.3036890979167,27.0543632870503,73.3645660441982,7.0523332825872,53.6094426549049,97.6500332976333,1558.08315929481,402.781280383995,785.103095713248,2905.96064012347,-0.455693688176021,0.588489155396741,-1.93995816626865,1.54472881636621,-10.0732623327258,0.564994193686768,-11.2036890648409,-8.52342357160835,469.920460639595,96.4422361063124,291.753311230204,774.901546171001,9.38616509250557,0.587903353970193,7.9388782804075,11.598779947474,118.000568567997,9.2613082416944,93.8234544901348,152.448360046743,1017.39686405598,309.2272772439,491.287721281563,2179.79407024789,1558.08315929481,402.781280383995,785.103095713248,2905.96064012347,69.8611613625162,1.55615044352598,65.5885849935769,73.4589763639905,20.8763576557927,4.71094180102428,11.2164133134344,33.5179742135998,-0.455693688176021,0.588489155396741,-1.93995816626865,1.54472881636621,19.4594274252313,0.621583999115953,17.8516418433372,21.2488018854943,3.49276158817059,0.617853729376015,2.11029440254758,5.28544545660236,-4.40414896452263,0.631035709623618,-5.99021073508488,-2.19598782386994
"MHun",9.63228371954407,2.60545972618658,4.84067658266691,14.8110853430375,166.392348740986,1.71102587652099,160.873684006513,172.413354336496,117.301379040954,20.5459448528441,17.1686553313596,159.807502698344,82.9370070712088,32.9200468541468,37.1947482642042,164.516991978881,5.40566343670413,0.84807783963226,3.16324328750091,8.56598428628739,653.578979403279,43.6527316716628,511.468364452,793.735861355033,1547.11250275989,85.1868860790117,1287.73829194024,1760.36525233443,6632.20318157413,132.527659444379,6163.1723035673,6956.24503127575,246.062495055463,1.31315629165603,242.481471224344,250.502426389721,-40.0287824156102,0.828955438677768,-42.0271499990457,-37.9903400117487,368.517551922241,18.4148848597116,329.731695152993,420.828419673694,27.4505817701623,0.621105725163151,25.6476014757884,28.8867372266832,79.670146314477,3.01217489112509,70.0681168878477,89.5660281794764,1099.6613070149,324.956734757466,645.955941711963,1879.55393799064,-0.228501824366936,0.364675051459422,-1.12026980621828,1.06194642785683,-12.8135133998825,0.828669021482573,-14.8270709752488,-10.8345528251696,314.913229893083,45.5235695094196,235.454872103662,470.738566475264,11.8144359481887,0.328102303189382,10.6674482521607,12.8474971867051,125.740927463524,3.95961758002049,113.275989136712,138.587558846671,701.499112713345,254.375508487528,360.225416351981,1339.49636666468,1099.6613070149,324.956734757466,645.955941711963,1879.55393799064,63.9200400678979,1.14379541449022,62.1039663966408,66.5728842517724,38.3209915982545,5.70030847906108,22.6610883659587,50.6899132083879,-0.228501824366936,0.364675051459422,-1.12026980621828,1.06194642785683,24.6279493480712,0.751443491343571,23.0220899158652,26.2134864555485,4.59509142548656,0.367534347146126,3.69381453812318,5.89585649538997,-5.05209507422043,0.423544835739721,-6.05504639785018,-3.77196363967631
"MHvh",2.99744655419788,0.633619815922888,1.6502296974889,5.01353669947439,139.025648815247,3.77862982608749,123.759368598761,149.23789360669,0,0,0,0,475.637418621721,103.885754802537,279.435180732373,807.729086663733,12.9717446753203,3.65518010516354,6.12599136876165,25.8453892807549,965.410715229288,105.415622918112,690.785055859432,1260.66901052572,473.737609634573,76.2318531963365,246.552170036323,658.410942975475,4904.31437149077,175.448998650549,4274.0560366024,5359.72954802959,270.315392193555,2.75760458457213,261.814105680112,282.772383246591,-28.7128045364573,1.24871443410099,-31.8997255644681,-23.612887170002,439.324923020945,32.3017900017909,353.732826025187,512.604987878912,26.8434046347264,1.15789892660501,24.6230838715028,29.0756276618848,131.289743378308,6.40760244441325,112.576212073422,159.01301464783,5059.17836316573,1043.40576080345,3126.11267059124,8386.99080490394,4.53597151265827,0.480783370191442,3.28688041032301,6.25883077402954,-3.33619855138331,1.10437847142257,-5.52051845136305,0.24989124134848,1309.68236795694,252.730733762144,782.352781190517,2089.49447311136,12.7445416336661,0.77592469410085,10.9327707099301,14.4363566147384,199.930551578814,10.5332236809495,170.287374195832,249.421297170009,1462.45137011112,454.124476511668,436.591798877765,3201.75120716801,5059.17836316573,1043.40576080345,3126.11267059124,8386.99080490394,75.8886439332984,1.49207870436346,71.6612609384695,79.3540078156863,10.0774867546776,1.99530102163775,6.07554352778801,17.6428774121264,4.53597151265827,0.480783370191442,3.28688041032301,6.25883077402954,16.0807401850494,1.51749593406869,12.3759032913579,18.650002808719,8.04508116542684,0.533702093043636,6.51019393644633,9.58460079623779,1.0268618598897,0.527372819755019,-0.517527101454826,3.14583278882724
"MHvhp",2.48687018118805,0.421136241277163,1.74232662979468,4.14980749264027,144.623383185744,2.976775358496,135.010936889085,149.489438390353,0,0,0,0,536.996457571279,82.5099936688705,288.218673146388,735.044945487308,10.1791221201872,2.68660789882296,5.78237173125573,19.0184883192546,867.193345143665,92.4089157941501,671.959985163472,1129.61766426639,595.576354218736,74.1640270487073,381.872880559308,823.645195772715,5199.85489668757,174.562750092733,4608.92185314842,5624.50255065699,266.108220044583,2.39312582180835,261.390217768718,274.365868338214,-30.4124641670416,1.00062057628084,-32.5712880277787,-26.6707628400698,409.03845219627,30.827166993851,348.381020584219,481.696048849532,26.7577161331664,0.889257953424925,24.4639008717914,28.7399205250868,121.484836858838,5.33162227504473,112.192658718638,138.91292165444,5652.7033147803,823.619367391924,3189.00592964758,7645.57139300016,3.72422987721344,0.477158451283507,2.55562955289227,5.33779016793173,-4.59855190073015,0.734785952421129,-6.20701651006203,-1.93071144320768,1362.19089171448,258.524604956709,806.125458814168,2045.11336741682,12.3188705505749,0.648023309547556,10.8209442561473,13.8631258411601,183.500496543026,9.02612492165958,168.435322979375,216.709756191045,2111.90925749167,458.56654454107,874.427756652626,3732.11833583434,5652.7033147803,823.619367391924,3189.00592964758,7645.57139300016,75.2163948121167,1.34812214930285,71.4221700609126,79.6621940349523,9.38959332440909,1.93341468325753,5.58268206334506,15.573024071102,3.72422987721344,0.477158451283507,2.55562955289227,5.33779016793173,16.917422451305,0.972806517352901,13.4691653308043,18.4509326560184,7.30167237517297,0.519247554204017,5.8460764923415,8.93209072964272,0.146787379253909,0.513127109453763,-0.845783841610442,1.85306493289047
